


CREATE TABLE Turistas(
  idTuristas INT NOT NULL PRIMARY KEY,
  userName VARCHAR(45) NOT NULL,
  email VARCHAR(45) NOT NULL,
  password VARCHAR(255) NOT NULL);

CREATE TABLE Guias (
  idGuia INT NOT NULL PRIMARY KEY,
  userName VARCHAR(45) NOT NULL,
  email VARCHAR(45) NOT NULL,
  password VARCHAR(255) NOT NULL);
  
CREATE TABLE Rutas (
  idRutas INT NOT NULL PRIMARY KEY,
  nombre VARCHAR(45) NOT NULL,
  fechaCreacion DATE NOT NULL,
  precio FLOAT NOT NULL,
  tipoRuta VARCHAR(45) NOT NULL,
  guia INT NOT NULL,
  constraint fk_rutas_guias foreign key (guia) references Guias(idGuia));

CREATE TABLE Compras (
  idCompras INT NOT NULL PRIMARY KEY,
  turista INT NOT NULL,
  fecha VARCHAR(45) NOT NULL,
  ruta INT NOT NULL,
  constraint fk_compras_turistas foreign key (turista) references Turistas(idTuristas),
  constraint fk_compras_rutas foreign key (ruta) references Rutas(idRutas));

CREATE TABLE  PuntosDeInteres (
  idpuntosDeInteres INT NOT NULL PRIMARY KEY,
  descripcion  VARCHAR(255) NOT NULL,
  foto VARCHAR(2000) NULL,
  latitud FLOAT NOT NULL,
  longitud FLOAT NOT NULL,
  ruta INT NOT NULL,
  tipoPunto VARCHAR(45) NOT NULL,
  constraint fk_puntos_de_interes_rutas foreign key (ruta) references Rutas(idRutas));
  
CREATE TABLE Valoraciones (
  idValoraciones INT NOT NULL PRIMARY KEY,
  nota INT NOT NULL,
  turista INT NOT NULL,
  ruta INT NOT NULL,
  constraint fk_valoraciones_rutas foreign key (ruta) references Rutas(idRutas),
  constraint fk_valoraciones_turista foreign key (turista) references Turistas(idTuristas));
 
insert into Turistas (idTuristas, userName, email, password) values (1, 'sgaraghan0', 'mcouvert0@opensource.org', 'Q0lo08YPu');
insert into Turistas (idTuristas, userName, email, password) values (2, 'vcrowthe1', 'cdarby1@topsy.com', 'TZ6tzW8Ek');
insert into Turistas (idTuristas, userName, email, password) values (3, 'adavenport2', 'wgosart2@usnews.com', 'mxFY1PRGbl');
insert into Turistas (idTuristas, userName, email, password) values (4, 'nberrey3', 'emuneely3@illinois.edu', 'FFQM2NAV');
insert into Turistas (idTuristas, userName, email, password) values (5, 'sarkcoll4', 'sbanck4@trellian.com', 'xE0o1I');
insert into Turistas (idTuristas, userName, email, password) values (6, 'bfabb5', 'spipping5@businessinsider.com', 'eRUJrI5L9bD');
insert into Turistas (idTuristas, userName, email, password) values (7, 'pmcpheat6', 'fdurn6@nature.com', 'nYbSybu');
insert into Turistas (idTuristas, userName, email, password) values (8, 'bpumphrey7', 'dleyburn7@feedburner.com', 'EGgkJamJfAk');
insert into Turistas (idTuristas, userName, email, password) values (9, 'gswine8', 'eburburough8@dailymail.co.uk', 'kD1bubIkq3');
insert into Turistas (idTuristas, userName, email, password) values (10, 'bpache9', 'mgeydon9@walmart.com', 'uNk5hORNSL');
insert into Turistas (idTuristas, userName, email, password) values (11, 'kzanittia', 'rmansera@devhub.com', 'QwMVx411');
insert into Turistas (idTuristas, userName, email, password) values (12, 'fsparwellb', 'mlerouxb@china.com.cn', 'Ma76zNL2J');
insert into Turistas (idTuristas, userName, email, password) values (13, 'lrollingc', 'cjordinc@delicious.com', 'KoBKgsSJZI');
insert into Turistas (idTuristas, userName, email, password) values (14, 'jcastaignetd', 'jhutchcraftd@guardian.co.uk', 'Fuyk4L8leVzV');
insert into Turistas (idTuristas, userName, email, password) values (15, 'mchestneye', 'vwollene@360.cn', 'q33qraEMk');
insert into Turistas (idTuristas, userName, email, password) values (16, 'omitchelsonf', 'kbecomf@prlog.org', 'UEzm7ZA');
insert into Turistas (idTuristas, userName, email, password) values (17, 'psollomg', 'bsciacovellig@weibo.com', 'c1eWB9XdVPC4');
insert into Turistas (idTuristas, userName, email, password) values (18, 'tciccottoh', 'pvarnalsh@t.co', 'y7IEfdBfURnA');
insert into Turistas (idTuristas, userName, email, password) values (19, 'jlanti', 'pbeamesi@xing.com', 'kyOJhNe');
insert into Turistas (idTuristas, userName, email, password) values (20, 'btrewhelaj', 'rjerischj@histats.com', 'dq26NUobmv');

insert into Guias (idGuia, userName, email, password) values (1, 'cconnachank', 'dcobdenk@blogger.com', 'e2TgReT');
insert into Guias (idGuia, userName, email, password) values (2, 'zwalpolel', 'abrenstuhll@icq.com', '8ACtJD5');
insert into Guias (idGuia, userName, email, password) values (3, 'bgarthsidem', 'lsimaom@nymag.com', 'oPjxQLdNu9Z');
insert into Guias (idGuia, userName, email, password) values (4, 'anellern', 'smennearn@loc.gov', 'x0aY2mj0ga');
insert into Guias (idGuia, userName, email, password) values (5, 'ywarlando', 'ssumptiono@over-blog.com', 'QPKgIY');
insert into Guias (idGuia, userName, email, password) values (6, 'levangelinosp', 'jfatherp@cnbc.com', 'FeGH6hl8');
insert into Guias (idGuia, userName, email, password) values (7, 'sflackeq', 'stuffsq@imdb.com', 'rFPHGLyPu');
insert into Guias (idGuia, userName, email, password) values (8, 'rmcgiffier', 'cstaresmearer@walmart.com', 'NVdBxAAjHK');
insert into Guias (idGuia, userName, email, password) values (9, 'hpurslows', 'lbarnewalls@wikipedia.org', '5gC2XgElpLg');
insert into Guias (idGuia, userName, email, password) values (10, 'sbetterisst', 'rcorballyt@ed.gov', 'fvBVBuM');
insert into Guias (idGuia, userName, email, password) values (11, 'rhallasu', 'mmcgrathu@ovh.net', 'hecvxA');
insert into Guias (idGuia, userName, email, password) values (12, 'okemmeyv', 'ahasemanv@bigcartel.com', 'ESioBo4mEV');
insert into Guias (idGuia, userName, email, password) values (13, 'rashleew', 'fscurfieldw@npr.org', 'VoI1snrevW');
insert into Guias (idGuia, userName, email, password) values (14, 'hcaustickx', 'scorkhillx@friendfeed.com', 's7AX09');
insert into Guias (idGuia, userName, email, password) values (15, 'kedony', 'ncorbiny@creativecommons.org', 'v6990U8L');
insert into Guias (idGuia, userName, email, password) values (16, 'fgerglerz', 'kmahargz@live.com', '5kW6Kojk9cR');
insert into Guias (idGuia, userName, email, password) values (17, 'cceschini10', 'ztremelling10@mozilla.org', 'Db4g4Qez');
insert into Guias (idGuia, userName, email, password) values (18, 'livey11', 'aismirnioglou11@oaic.gov.au', 'yc4zrTNp');
insert into Guias (idGuia, userName, email, password) values (19, 'mduthy12', 'kpichan12@gmpg.org', 'glJsXljV');
insert into Guias (idGuia, userName, email, password) values (20, 'abrandts13', 'sblanckley13@hubpages.com', 'l1n8xV89Zwe8');

insert into Rutas (idRutas, nombre, fechaCreacion, precio, tipoRuta, guia) values (1, 'Guj?', to_date('3/11/2021', 'DD-MM-YYYY'), 89.87, 4, 2);
insert into Rutas (idRutas, nombre, fechaCreacion, precio, tipoRuta, guia) values (2, 'Da?oguz', to_date('13/1/2021', 'DD-MM-YYYY'), 83.79, 1, 10);
insert into Rutas (idRutas, nombre, fechaCreacion, precio, tipoRuta, guia) values (3, 'Khirbat T?n N?r', to_date('20/2/2021', 'DD-MM-YYYY'), 68.41, 4, 3);
insert into Rutas (idRutas, nombre, fechaCreacion, precio, tipoRuta, guia) values (4, 'Sovetskaya', to_date('3/10/2021', 'DD-MM-YYYY'), 5.38, 4, 5);
insert into Rutas (idRutas, nombre, fechaCreacion, precio, tipoRuta, guia) values (5, 'Kuala Lumpur', to_date('14/11/2021', 'DD-MM-YYYY'), 76.77, 1, 9);
insert into Rutas (idRutas, nombre, fechaCreacion, precio, tipoRuta, guia) values (6, 'Qu?ng Ngãi', to_date('30/12/2021', 'DD-MM-YYYY'), 8.78, 3, 9);
insert into Rutas (idRutas, nombre, fechaCreacion, precio, tipoRuta, guia) values (7, 'Piedade', to_date('13/3/2021', 'DD-MM-YYYY'), 41.71, 3, 3);
insert into Rutas (idRutas, nombre, fechaCreacion, precio, tipoRuta, guia) values (8, 'Cilated', to_date('3/9/2021', 'DD-MM-YYYY'), 38.16, 4, 1);
insert into Rutas (idRutas, nombre, fechaCreacion, precio, tipoRuta, guia) values (9, 'Gamping Lor', to_date('7/7/2021', 'DD-MM-YYYY'), 66.18, 4, 14);
insert into Rutas (idRutas, nombre, fechaCreacion, precio, tipoRuta, guia) values (10, 'Lobão', to_date('3/7/2021', 'DD-MM-YYYY'), 43.9, 3, 14);
insert into Rutas (idRutas, nombre, fechaCreacion, precio, tipoRuta, guia) values (11, 'Port Saint Lucie', to_date('4/4/2021', 'DD-MM-YYYY'), 29.61, 2, 4);
insert into Rutas (idRutas, nombre, fechaCreacion, precio, tipoRuta, guia) values (12, 'Mandeman Daya', to_date('16/11/2021', 'DD-MM-YYYY'), 83.35, 5, 18);
insert into Rutas (idRutas, nombre, fechaCreacion, precio, tipoRuta, guia) values (13, 'Ogawa', to_date('16/5/2021', 'DD-MM-YYYY'), 45.64, 5, 5);
insert into Rutas (idRutas, nombre, fechaCreacion, precio, tipoRuta, guia) values (14, 'Cimanggu', to_date('5/6/2021', 'DD-MM-YYYY'), 5.41, 2, 17);
insert into Rutas (idRutas, nombre, fechaCreacion, precio, tipoRuta, guia) values (15, 'Ambanja', to_date('2/8/2021', 'DD-MM-YYYY'), 42.3, 1, 18);
insert into Rutas (idRutas, nombre, fechaCreacion, precio, tipoRuta, guia) values (16, 'Malhão', to_date('23/1/2021', 'DD-MM-YYYY'), 92.66, 4, 13);
insert into Rutas (idRutas, nombre, fechaCreacion, precio, tipoRuta, guia) values (17, 'Pershotravneve',to_date('15/1/2021', 'DD-MM-YYYY'), 61.1, 5, 7);
insert into Rutas (idRutas, nombre, fechaCreacion, precio, tipoRuta, guia) values (18, 'Bokhan', to_date('15/9/2021', 'DD-MM-YYYY'), 8.39, 5, 12);
insert into Rutas (idRutas, nombre, fechaCreacion, precio, tipoRuta, guia) values (19, 'Nkpor', to_date('14/12/2021', 'DD-MM-YYYY'), 85.95, 1, 2);
insert into Rutas (idRutas, nombre, fechaCreacion, precio, tipoRuta, guia) values (20, 'Huacao', to_date('22/3/2021', 'DD-MM-YYYY'), 72.27, 2, 15);


insert into Valoraciones (idValoraciones, nota, turista, ruta) values (1, 6.0, 6, 19);
insert into Valoraciones (idValoraciones, nota, turista, ruta) values (2, 2.59, 3, 16);
insert into Valoraciones (idValoraciones, nota, turista, ruta) values (3, 9.29, 10, 20);
insert into Valoraciones (idValoraciones, nota, turista, ruta) values (4, 8.68, 16, 12);
insert into Valoraciones (idValoraciones, nota, turista, ruta) values (5, 3.92, 15, 7);
insert into Valoraciones (idValoraciones, nota, turista, ruta) values (6, 4.96, 20, 3);
insert into Valoraciones (idValoraciones, nota, turista, ruta) values (7, 7.25, 7, 9);
insert into Valoraciones (idValoraciones, nota, turista, ruta) values (8, 1.94, 6, 16);
insert into Valoraciones (idValoraciones, nota, turista, ruta) values (9, 9.82, 19, 20);
insert into Valoraciones (idValoraciones, nota, turista, ruta) values (10, 2.6, 2, 16);
insert into Valoraciones (idValoraciones, nota, turista, ruta) values (11, 5.22, 6, 10);
insert into Valoraciones (idValoraciones, nota, turista, ruta) values (12, 2.22, 9, 9);
insert into Valoraciones (idValoraciones, nota, turista, ruta) values (13, 8.58, 5, 4);
insert into Valoraciones (idValoraciones, nota, turista, ruta) values (14, 1.03, 17, 5);
insert into Valoraciones (idValoraciones, nota, turista, ruta) values (15, 1.78, 4, 8);
insert into Valoraciones (idValoraciones, nota, turista, ruta) values (16, 7.93, 8, 10);
insert into Valoraciones (idValoraciones, nota, turista, ruta) values (17, 1.57, 20, 6);
insert into Valoraciones (idValoraciones, nota, turista, ruta) values (18, 1.78, 4, 2);
insert into Valoraciones (idValoraciones, nota, turista, ruta) values (19, 9.35, 9, 8);
insert into Valoraciones (idValoraciones, nota, turista, ruta) values (20, 7.46, 17, 4);
insert into Valoraciones (idValoraciones, nota, turista, ruta) values (21, 6.45, 2, 17);
insert into Valoraciones (idValoraciones, nota, turista, ruta) values (22, 6.21, 18, 6);
insert into Valoraciones (idValoraciones, nota, turista, ruta) values (23, 6.79, 13, 7);
insert into Valoraciones (idValoraciones, nota, turista, ruta) values (24, 1.33, 20, 16);
insert into Valoraciones (idValoraciones, nota, turista, ruta) values (25, 4.83, 20, 14);

insert into Compras (idCompras, turista, fecha, ruta) values (1, 16, to_date('12/9/2019', 'DD-MM-YYYY'), 17);
insert into Compras (idCompras, turista, fecha, ruta) values (2, 1, to_date('1/9/2021', 'DD-MM-YYYY'), 17);
insert into Compras (idCompras, turista, fecha, ruta) values (3, 5, to_date('2/2/2021', 'DD-MM-YYYY'), 13);
insert into Compras (idCompras, turista, fecha, ruta) values (4, 11, to_date('4/2/2021', 'DD-MM-YYYY'), 9);
insert into Compras (idCompras, turista, fecha, ruta) values (5, 9, to_date('12/1/2021', 'DD-MM-YYYY'), 2);
insert into Compras (idCompras, turista, fecha, ruta) values (6, 18, to_date('5/1/2020', 'DD-MM-YYYY'), 8);
insert into Compras (idCompras, turista, fecha, ruta) values (7, 17, to_date('3/3/2021', 'DD-MM-YYYY'), 3);
insert into Compras (idCompras, turista, fecha, ruta) values (8, 10, to_date('10/3/2020', 'DD-MM-YYYY'), 6);
insert into Compras (idCompras, turista, fecha, ruta) values (9, 8, to_date('3/10/2021', 'DD-MM-YYYY'), 20);
insert into Compras (idCompras, turista, fecha, ruta) values (10, 9, to_date('3/8/2021', 'DD-MM-YYYY'), 19);
insert into Compras (idCompras, turista, fecha, ruta) values (11, 2, to_date('3/2/2020', 'DD-MM-YYYY'), 16);
insert into Compras (idCompras, turista, fecha, ruta) values (12, 16, to_date('11/7/2019', 'DD-MM-YYYY'), 4);
insert into Compras (idCompras, turista, fecha, ruta) values (13, 13, to_date('5/4/2021', 'DD-MM-YYYY'), 20);
insert into Compras (idCompras, turista, fecha, ruta) values (14, 16, to_date('11/11/2021', 'DD-MM-YYYY'), 10);
insert into Compras (idCompras, turista, fecha, ruta) values (15, 2, to_date('1/1/2021', 'DD-MM-YYYY'), 3);
insert into Compras (idCompras, turista, fecha, ruta) values (16, 14, to_date('9/1/2020', 'DD-MM-YYYY'), 6);
insert into Compras (idCompras, turista, fecha, ruta) values (17, 9, to_date('9/6/2021', 'DD-MM-YYYY'), 25);
insert into Compras (idCompras, turista, fecha, ruta) values (18, 2, to_date('6/4/2020', 'DD-MM-YYYY'), 5);
insert into Compras (idCompras, turista, fecha, ruta) values (19, 20, to_date('9/4/2019', 'DD-MM-YYYY'), 11);
insert into Compras (idCompras, turista, fecha, ruta) values (20, 4, to_date('12/9/2021', 'DD-MM-YYYY'), 14);
insert into Compras (idCompras, turista, fecha, ruta) values (21, 6, to_date('5/2/2021', 'DD-MM-YYYY'), 12);
insert into Compras (idCompras, turista, fecha, ruta) values (22, 17, to_date('2/8/2021', 'DD-MM-YYYY'), 9);
insert into Compras (idCompras, turista, fecha, ruta) values (23, 1, to_date('7/8/2021', 'DD-MM-YYYY'), 6);
insert into Compras (idCompras, turista, fecha, ruta) values (24, 5, to_date('11/5/2021', 'DD-MM-YYYY'), 20);
insert into Compras (idCompras, turista, fecha, ruta) values (25, 2, to_date('9/11/2021', 'DD-MM-YYYY'), 2);

insert into PuntosDeInteres (idpuntosdeinteres, descripcion, foto, latitud, longitud, ruta, tipoPunto) values (1, 'application/x-msexcel', 'data:image/png;base64,iVBORw0KGgoAAAANSUhEUgAAABAAAAAQCAYAAAAf8/9hAAAABGdBTUEAAK/INwWK6QAAABl0RVh0U29mdHdhcmUAQWRvYmUgSW1hZ2VSZWFkeXHJZTwAAAIsSURBVDjLpZPNbhJRFMf/w9fwNUiVlZWPncSmqemm7FjZaGJcsdCkS17AJ8AH6BvU6BKfgFIXLqArTQngSoPUDSGEhAUCLQN3xnPOMLSJGBdOcnK45J7f+Z//vVezbRv/8/luLxqNxvvlcnm0WCx8lEFZwjRNzh8KhcKrjYBWq3WHCt7G4/GCrocxpyJYFkQbKdzaiuPs7PQlrf4ENJvNp1ycSCS2I5EILn/2wN0ty4ZlWwSyoQg2n883j0CbT1OplCyurq6xoOKvrQsCWOt4cvhMxtgI4BkDgQDG47HTWSk82nks3e1Vdzb6rwqYrKiIN/GBsPRW8wtlJd35ixl5JJNJVKvVIf0XpP0/KH+kfCIKHK9sATFgZ3dfuosH9gJGNIx8Po9oNJrweDyYTqd7g8Fgr91uv/C4szkKWDJBlDP70LjEtZoik8lA1/W1bB6ZFVHDhwJYF6sb4xj07tsJzKUp3vR6PQyHQ/T7fVBnuR+s2MPmuLeRJcvxWU5+fe8NQlpYOrJ0PubRaIRgMIhYLCYAMZE3eL1eZ27FrhOAVdEathK4O6rrGX+sjBV8rtfrmEwmMAwDwZBON1ATkFoZ627m36trfQMoFosHnU7neaVSuTg/r0EPaMikHyCV2kY6eZ/tFfmscjabwe/3IxQKCYDH126/xlKpdEj0Y4pd9zFls1nkcjmk0+m1F6yi2+2iVqt91/71nMvlcoCkFymOKO4S2EedfxHkE8Xxb6/5rMKMZgtBAAAAAElFTkSuQmCC', -7.20429, 113.53198, 20, 'Otcom');
insert into PuntosDeInteres (idpuntosdeinteres, descripcion, foto, latitud, longitud, ruta, tipoPunto) values (2, 'application/vnd.ms-powerpoint', 'data:image/png;base64,iVBORw0KGgoAAAANSUhEUgAAABAAAAAQCAYAAAAf8/9hAAAABGdBTUEAAK/INwWK6QAAABl0RVh0U29mdHdhcmUAQWRvYmUgSW1hZ2VSZWFkeXHJZTwAAAI1SURBVDjLY/j//z8DJZgsTV+9fAu+uHo8+GzvXECWAV+c3R//mTn9/ydLu4eka3ZyY/ts63T3k4Xt+4/GlqS74JONY+9Hc5tdH4wsmAmGgWv9xQKX2nMPnapOF4A1WzsEfjSzefLB0FwUHoi/szPX/05P/f0rOWk9ugHONWefzNl44X/B/L3/o7LXnn1h4fitN6i22Tx7W5tpxqYHxmnrChh+p6X+/rd10/+fsbF/f0REmiE0n7F3rDz5wb7s6Bu3gt3Vz80db69zTd1mlr11tUnGxt89Cw/8N0ha9YDhZ2LC+p8xMb9/hEdc+h4Ucu+br//JFXFNi5zKjz20KztiDzIMGFgzP+iZboQZbpSypsAgaeUjvfilqIEI9C9bf8rk3Wd8kz59sHV+BQysa8DA+vNe1+Tr8VD5hgO+fA/3OLH82+nK/AiIK1ACEehfCceqU8fsy48ttS05xAkMLANgYP39N23K/1t26n8vFlv8/L619/+/azv+f11R9P90tu6fXc4suQyudRcKgP59DvTvG6B/S5Fd9F7baP07Nb3f+xzZv3wDav4/yff//3LB///bFP+/7nL4v9OF+R6DU/WZB5PXXPwP9O9LXNEJcva/s+v+I4P39RL/QeIMDhXHC+xKDz+wKdpfgMsAoH8ff5mb/P8/UNOPMob/74D4YQbzf6D4E6JS3+FwqYaTKaq/n5Ur/n9Vyfr/bgrj/72+LH92uDJXEZ2Ej4TLVgBtvA+NhccgzSBxAIJCoGJnoURSAAAAAElFTkSuQmCC', 19.7206, 110.460225, 9, 'Redhold');
insert into PuntosDeInteres (idpuntosdeinteres, descripcion, foto, latitud, longitud, ruta, tipoPunto) values (3, 'video/mpeg', 'data:image/png;base64,iVBORw0KGgoAAAANSUhEUgAAABAAAAAQCAYAAAAf8/9hAAAABGdBTUEAAK/INwWK6QAAABl0RVh0U29mdHdhcmUAQWRvYmUgSW1hZ2VSZWFkeXHJZTwAAAMfSURBVDjLpVNJaFNRFD0v/ydpM5imSZom/Ro7YNJqRVScQQV14wCtFRvRpYK4Edy4FIpgEetCRF0LDiCIoihCxWqtQ+mAsY2kDk0wP4lJrMQ0yZ99/VZRXPrhcd5/7w7n3nMf0TQN//Oxnafv13Bu28ACi4mDRgBNhUKDKpIEQZAgURQrAt0LkMsClEoZYrmCb9kZPh79uI0N1Nkj65cu5Bq9tXpEdZ6RompQ6dKDKar+ryiKjhLF0fHJ2idCIco2uKycx8IgFk9DphcjkWmsWxXC8FgMK5YtgiypGHs7jdbWxRgcjGDh4jo94BLOAU+9z8kS8jOrkSH4WlRRkglKihFfSxIev5zSjVXNABHVEIgJ+VwBAc4JWVVBqDM5dXVIM8hlGCg1YmCwfmUQM6KJUlXnywBlpuoOC9gS+vuHIRTzkEUJ2WQB7KuJ+KGQRzvjclgZj4fzMqZqwk9FwafzEGUFMl1zLCQF2L51DVramtQPE98jqe8F9X30dR/5JeOxvnvX1i5vDIeaAnDYLAjWGf6S68q9N6iyVCOby2BkOHL/+tmju+bOdat9PXcWuWpsHV6PCyLNZDP/q7e7xo538TycNS4Ybe4Nv+dgy4kbxKYKt0KbllSBsBBFEeMvXuDmZAROpxP5fB5dXV1wVNGGxftpRj+Cpi/O/eHjD9P82F5meugWRhOFy23NHEnOCJgYvIvyTBrhcBh+vx92ux0DAwPIJD+hc89ONDc3we2qBctUWpLJpJGdo1ERVUMq9w0vnw/BWZnG7oMHcLKnD9n4JPw+H9rb2/GFT+B83znwqRTcXBCHD3YgkUgc0QPIdFwl2unc5xgdFLtem7llB0rvxtDd3a2XUiwWkc1mceHiJbSGtug2DofDPM9ARLksor7eg3Q6rl+KUw9AoKG3txdWq1U/m52dhYFoSEUeAav3g5ZQ0WXcHO6Nev3ekCKVoKSGsHHtKvgbGmCpMiKTySAWi8FsNiMQCMDr9WK2JCDFfxaePXv6ifz5nIPBIOPz+dppxtu0gR7qxMxJncvlDlNMut3u2xSN9GUqPM9nKaOOH954iqSVHtHeAAAAAElFTkSuQmCC', 6.8517845, -73.111356, 16, 'Cardguard');
insert into PuntosDeInteres (idpuntosdeinteres, descripcion, foto, latitud, longitud, ruta, tipoPunto) values (4, 'video/mpeg', 'data:image/png;base64,iVBORw0KGgoAAAANSUhEUgAAABAAAAAQCAYAAAAf8/9hAAAABGdBTUEAAK/INwWK6QAAABl0RVh0U29mdHdhcmUAQWRvYmUgSW1hZ2VSZWFkeXHJZTwAAALtSURBVDjLbVPtS1NxFD73Nid6R7o13XxpY8WgJWTIPhQskMj+AKFvQpB+HtYHIUd9EJQC8R8YftoQhNk/kGStNV+a1cSyMXQ5tcbm1DX3du/93ds5FxQlL5wxfr/zPOd5nnMvp6oqXPTEYrFBWZYHGGMgSVKwt7d3+qI+7izB2tqaCwF7WMcIzthstha6X1payjU2NlrxzIBkHf39/RsnGP4M2I/AdWxKYJMFi9VqNaDS6/WMzkRRTGCtB4NB/zmCeDzuEwRhyG6380ajkSYlsSzVahUqlQooikKESby3ohXebDYPTU5O+girox9k5TOZDHnhaKLFYhF4nifv2hSXy0XnAt1tb29DOBxWkZw/l0E0Gh1vamoapakUXKFQgHQ6DXV1deBwOECn02mE5XKZ7E6MjIxoCjgMaBXltmIJVqvVWCqV4PDwkAgX8f/L+vp6QFtjbrf7Lg1Dq7CwsHCIZCXEZLlIJMKcTiefz+ehWCxqEzc2NiCVSvX5fL55muL3+x/8aJx5W5IK8KjjNRgMBrIJU1NTCk+yyBuyadJpCjWgndP1Uk9VFqHT7ILpLS9lBqSU7HCBQGB1f3+/FWUK3d3dRkod1waBxFNMX2SiIoMkM77d5ORudXpg5dc7iO8sw5WV3l0kzp6GODc3N97W1jZKSiiwma1n0Nf1GJiqAFMYKKBCprALRqEVFrfmYTX9QUZVem2NoVDoBbI9b25uhqOjI00BSSbwdj4JEqqQFQkkJsHfWhFuX70Hx1JZt5yKVDUCzEDBDXANDQ30UsHm5mapaq0KMpPBctmGYKaR/SmkwWSwwpedT7Cc+JwrA9hPLYyNjfkPDg6eYDhZk8nUk3SEftcwLFERoYJqrptvwp1rDyGWjkJ4/eNBia+0/55Qa+c+puHhYRda2UMrx7j/jMfjaaG0Z2dnc99uzHBu231z+Of77/iq9SBY/O9rPPt4vd7BXC43QCvmOC74tevNK6ZcMlcUVpedUOWTvn/PQ+bC95cxOwAAAABJRU5ErkJggg==', 49.6475739, 6.2573108, 5, 'Y-Solowarm');
insert into PuntosDeInteres (idpuntosdeinteres, descripcion, foto, latitud, longitud, ruta, tipoPunto) values (5, 'audio/mpeg3', 'data:image/png;base64,iVBORw0KGgoAAAANSUhEUgAAABAAAAAQCAYAAAAf8/9hAAAABGdBTUEAAK/INwWK6QAAABl0RVh0U29mdHdhcmUAQWRvYmUgSW1hZ2VSZWFkeXHJZTwAAAJrSURBVDjLdVNLaxNRFJ6VP6GgG7eCuBAEN65LFwUXLlyIEsUqKLgQdwXBhaal1YiYNK8mNCXBPBqIMYJJE/IqWeRlkyYpDc2DBJMmpU4TSqNJ+nnPpS06qRc+5s6Zc77vu+fcEQAIUoTD4Tdut7tuMpmOCLSn2Fm5I4GVlZUxq9X6G5JFMYvFcuFMgmPFMlMbMsDlciGfz2M4HGIwGCCbzfIYfaMcyj1xxAkYe+9vtUqlAofDgfX1dQ673c5jEkc9TuB0Oo0MyOVyXJEQi8Xg8XiwvLzMQXuKkZt+v49MJgOqWVxctAhMqb+5uYlkMolUKsUVSV26ThwlEgmEQiEEAgHodLq+wOyJ3W4XOzs72N7eRqlUAjsftra2Th3RPhKJoFAowOfzcaTTaWi1WlGw2WycYH9/H3t7e6hWq9xuPB4/7QGpUhOpMBgMcpBbjUYjUgM5gSiK2N3dRavVQr1e56p0tGg0ygvJMjkjJ0RAAmq1WhTYbH8dHByg0+mg0Wjw4nK5jGKxyEdJyVSodSjwXHUXj97dxD35OOZML6FUKnuC2Wz2EXutVuPHIBLqBTkgAvr28dMsXtnv48uGEt9/eKHwPcFtxRXcmZ6oCWxM59jlmFpaWipSd5vNJtrtNm8mEZB92ewEXNn3cOU/8InMr05BsfoY15+ePzy9kkajccxgMLxms/25trbGSYiMGjg5fRVfN/T/jPVzRkkEoz+HXq+/zOZrZiM6orvh9/tx49lFzHkfQO6V8WL5N9moAylYh8cXFhYCKpUqOvnimvXW/CW89T7kyvSkd0Yw/18CKVjyDEOHbB8/Zyj+B1XaG3VPBqIRAAAAAElFTkSuQmCC', 36.837625, 112.864561, 21, 'Pannier');
insert into PuntosDeInteres (idpuntosdeinteres, descripcion, foto, latitud, longitud, ruta, tipoPunto) values (6, 'application/vnd.ms-powerpoint', 'data:image/png;base64,iVBORw0KGgoAAAANSUhEUgAAABAAAAAQCAYAAAAf8/9hAAAABGdBTUEAAK/INwWK6QAAABl0RVh0U29mdHdhcmUAQWRvYmUgSW1hZ2VSZWFkeXHJZTwAAAF2SURBVDjLlZLNK4RhFMXPaMzU+EhJLyUKjYUSykeRsRCWUnbKzpTd8AfYWGPNRtnJQorNbMdsJ8xiForYSFNKM2Pe9zn3PhYoTfN56m5uPef+7n2Oz1qLctq5jSZUtPlo/mQaVdRUrhlLbKWcgDPrBJ2p7fjmXTUD33+C3dtoQFUfnGB3eKB9CGoVmWwGrx8vj0IZOV0796oSCOWKlD4RgehvkaDHXuPxuibBn6I3G3auPwKringmjrP1C1+lFfzlmjQ/01UF9IiGj2g8QkRASzhtDlaPV2INGhjQEjk3h872LhjXrC0fLsQaIqAQ2UIWbaFWjA9PzPV09hxE9mfs7N6krZsg/5XH88cT/EE/woNhLEaWYEpuUt7AJYwIMulHfL7lUSy4MDQQS9Cw9i8Yz0BUMDE6hkQyifv0/Tt86CAlINT6DKhEqCUE1ytCRPtTB+li3TkwLkFLqCqMISo9rkLwkwOxWjNIFZJIXF5eQSjQkp1L9Q34mO6FTUohDAAAAABJRU5ErkJggg==', 7.4064275, -7.5572231, 22, 'Sub-Ex');
insert into PuntosDeInteres (idpuntosdeinteres, descripcion, foto, latitud, longitud, ruta, tipoPunto) values (7, 'application/powerpoint', 'data:image/png;base64,iVBORw0KGgoAAAANSUhEUgAAABAAAAAQCAQAAAC1+jfqAAAABGdBTUEAAK/INwWK6QAAABl0RVh0U29mdHdhcmUAQWRvYmUgSW1hZ2VSZWFkeXHJZTwAAABhSURBVCjPY/jPgB8y0FHBkb37/+/6v+X/+v8r/y/ei0XB3v+H4HDWfywKtgAl1oLhof8TsClYA5SAgEP/27EpWIxkQj02BbOQ3FCGTcGEdV3/W4B6K/+X/M9fNzAhSbYCAMiTH3pTNa+FAAAAAElFTkSuQmCC', 28.880867, 92.836629, 21, 'Home Ing');
insert into PuntosDeInteres (idpuntosdeinteres, descripcion, foto, latitud, longitud, ruta, tipoPunto) values (8, 'video/avi', 'data:image/png;base64,iVBORw0KGgoAAAANSUhEUgAAABAAAAAQCAYAAAAf8/9hAAAABGdBTUEAAK/INwWK6QAAABl0RVh0U29mdHdhcmUAQWRvYmUgSW1hZ2VSZWFkeXHJZTwAAAFSSURBVDjLzdPPS8JwAAVw6Z/o0J/TqUOHKA/RIfDSP5CHyIi5DRWatrWGsh8o4kAkJoNBYJiBaebJb8xDZSbK0DQMIkKoXn+BpYTQ4V0/h8d7LgCuv8Q1c0DTNI+qql1ZlkexWEyYCtA0bUFRlE6r1QIhBJIkZaYCZFlesywLjuNAFMWhIAhGJBLROY47nAiIRqNu0zRRr9fB8/xtOBx+KxQKCIVCn78CkiTNiaJ4Wa1WQQhBpVIBIQSlUgksy3Z/BPhsm+IyjVHSKMK2beRyOei6jng8DoZhOn6/3zMW4Iy2N5B+/MqW+/AlGjhOnSEYDBosy27SNO2mKGp+bIl0qundTTRH2fIA1vUzkvkePJz9MfEOvGrj/aTYh3k1QPriCb7EA1Zp+2BiYOvobqicOkid97At32N5/4aZaonrAXtjhbZflvZqr4s7tcD/+MLMgW9PPe6C6jWXgQAAAABJRU5ErkJggg==', 52.1859951, 20.8461704, 1, 'Keylex');
insert into PuntosDeInteres (idpuntosdeinteres, descripcion, foto, latitud, longitud, ruta, tipoPunto) values (9, 'application/powerpoint', 'data:image/png;base64,iVBORw0KGgoAAAANSUhEUgAAABAAAAAQCAYAAAAf8/9hAAAABGdBTUEAAK/INwWK6QAAABl0RVh0U29mdHdhcmUAQWRvYmUgSW1hZ2VSZWFkeXHJZTwAAAMnSURBVBgZTcFJbBtVAIDh3+MZj+3xFsdxVmo3qiCspU3axIKGpWqphNScCpReekTiUoQEgjPXSvTABTgglQghNUAViS09gFTEElJEcmgSkjaxm92JHY/HjmfmzSMRPvB9PiklBy6PFU4CH/Ymgrma41FzPBzPo+56u4AJFAEBlIBt4Drwo0qT57qDRzsiubefa+P/LNuL12wvXtoTPbYDZkOwVKzy3aJ1Brii0uS5bnvQWuPnsW8o5f8BnyTU8TC9A6dpfyjLIV3BryhofjjWE6IrbiQ/+WP1qkJT6/xXQ8m/P8WoF+g/qtP/ZJq0t8b8+FV+u/U1W6bLZlVw4L3RPLnDBk+ktDb/7p1x5d7kD9eHO63zQ73S1/tIhUTPFNHoMiGG6c5k2ctPkrcCRNuyJAyFiTsFItEAN6c3V9XebNfHuaf7Lz3eUcbX+Asnr0A4guV4fNYYJeSGGOk+x9rKJNZjwyD9bFQaXJtYqACX1a6EcbFvpoD7awXfuTgy2ErlQY6V8gz+2AzYdTTXxBA77Lk+PAlCE7i2e/jmW8/sqLpuhKUNXkDFir7E3MI0UX0W0n3cWB7EEDavJuZQxB4+CVKC22ggHFewT5U+SfHsIBHNwyzvcG/HJSLLtLQcoU4MRVbB54EUKAo4QlC1ai5QYZ+a31j/ojwxnotFjOzx/hOczMbR/C0EzUXe3f6dTGcPphZiU0+S1mC72sBt2Bu3Pjgv2ae8ee3b178sD7wyVnuWmZkpOtq6CZtFlN1NzhxKkdL2+HOzTvTRC4RVha1SHWE3VmlST10ZTaFn3nlh4Bhe3WFlY4l0KoNlW+RLWyz6M7SdeI1UupNYGBYKNVzb3qBJFbZ9Gnh56u59iu0DrO8uk1SXmTY7WZIvYkf68H6qkIz7eONsB+vbNYRtb9GkCsc5PvL8U6H3Lw3xnyEOjEhwhMR2AQkffb9KWAOzWkM4zjZNqnCc++vFXT6fuEsiEiIRC5IwdOKGTjQcQA8o6KrCxVPt6Cps7ZgIx3lAk+q57o3bk7M9tydnM0Ar0Aq0AC1APBjQtGBQI2aESMTCTM8V5oFfaPoX2glqeEUaXMAAAAAASUVORK5CYII=', -7.7726324, 114.0428542, 18, 'Lotstring');
insert into PuntosDeInteres (idpuntosdeinteres, descripcion, foto, latitud, longitud, ruta, tipoPunto) values (10, 'application/x-troff-msvideo', 'data:image/png;base64,iVBORw0KGgoAAAANSUhEUgAAABAAAAAQCAYAAAAf8/9hAAAABGdBTUEAAK/INwWK6QAAABl0RVh0U29mdHdhcmUAQWRvYmUgSW1hZ2VSZWFkeXHJZTwAAAIrSURBVDjLjdNPSNRBFMDx764aarTaZqmb9mcXDyaF9IeS/kBCUR6kbt3MU9gxCjp1iujgpQ4eutS9SxAUS1Barm6EYnRYTEPNpaAtbXPd/f2Zea/Doij+wQfDMA/mM2/eMKgqWxk/29p0vXyQLcbL7u518wFVXV6kUim11mKMYWk2xpDJZEgkEkQiEWKxGJ2dnYGlPaUrNd/3iUajAKyEVZX29nZUlXg8vqqCVYAxBoB348WbWQUrICpYC5cOGVzX3RjwPA9V5Wjd/LqNhOqtAcn0TkQFI8UKjAUR5WqrwXGczQGAE/W/15z+OHmd5EyOJu/axoDruqgqA9NhrCpGQGyxF3nf0FDTzIj7lCt9fRUvbk4X1gBZ+xdV5UxjhkfDXaj4eGLwjCESbqK57iQLziKf08ncud5w1fvbc7ll4E6y58C26nIuawcighGPCy1dWBWsWATlR3aWww2nyXmF4Mj3geyR+8HwMiAiB4NlJaSyX9ijERzjYVWY+TOBLwYjPr71+ecu0Np4lpyfD36cGvwTBLiVuBHCBt7uKqvhTfo1IoJjHIw11Ib2URfaT31VlLKSCnbv2MvobIKhb4n5vMfxUgBrbI81ohO58cB2L0Q8/Yq8cXg23IsnHo5xidW0cCp6kU8zg/RP9mttZevY0N3RsSLwvPwhQADIYxlnkggdq57rQ+EJgWAFQ1+HOOZ2BMJztefXfKbNInovsGilpLIgNvrrgU4t5f8DTGqAX1cDO6cAAAAASUVORK5CYII=', 14.6539775, 121.0288525, 2, 'Prodder');
insert into PuntosDeInteres (idpuntosdeinteres, descripcion, foto, latitud, longitud, ruta, tipoPunto) values (11, 'video/quicktime', 'data:image/png;base64,iVBORw0KGgoAAAANSUhEUgAAABAAAAAQCAYAAAAf8/9hAAAABGdBTUEAAK/INwWK6QAAABl0RVh0U29mdHdhcmUAQWRvYmUgSW1hZ2VSZWFkeXHJZTwAAAJcSURBVDjLpVPPaxNREP7ebna3bX62aZMmYnVLxZRSior1IFVIC1at3uo1ePRQ8CB4EDyr/4AHFS8SCl4FC9IQf1WRhmij2Ei1Dabp0rSxRsMmm23WnZWEWBQPHRjmvcd83zfz3htmGAZ2Yxx2abb6Ip1Oz25vb4dNh67rqFarDdc0reGVSoViLBKJjBKOUQsm+KQoivGuri4raac1tykIAuLxODKZzOjU1FTMqsBUvO7xeKAoCiRJaoCagbTOZrNwuVyQZZlEr5nHMZZKpSx1r9eLYrH4R7nUCgEZY+B5Hm3VBfDLT8A7BlHaeIq1rdpNlkwmZwOBQJgSCVRXbY7k3I8YWgpLaO0cgVs+hK3lV0jN3NdsBCqVSsjn89YFUXKtVgNdJkXaO2sJhHo0OA4cR+HzR4hMg9PVDXfnHhsRhEmJiAhktmSVzHG/X9jXuoKjwy3w9I6jsjYNsY0h83YRVZ1D9J2ZRqrUKzkR1J32HcISxoYFePrOopy7AyZ8g+BwgldzqOyfwGbJgI0I6iAqORQKWRGFNzjSL8Hddx7l1dvgBB1aUYbybB6L9tPwt/qtP2IR0AsQQf3C1NxzuPwqfAPnoCl3wYsGyt/3Yf1FAsWBy/BL7QgGg1aVLBqNPjb7H6//MmwkET7WDZ354O14iXafaIL34ms8gQefgthUuUbFptgM2zlMD2+NGZOX7iE9fQW5lTlIPUPQ1/O5dpE/NXj19fv/DlN6SdG1D48gD43Abj+I1fnUz7KqnfkbuDELzXbhRId6uNdvG+6XYQiVOXU9f3HixsKXf03jL2qvd7dZXvRWAAAAAElFTkSuQmCC', -7.6659463, 109.8946083, 14, 'Lotstring');
insert into PuntosDeInteres (idpuntosdeinteres, descripcion, foto, latitud, longitud, ruta, tipoPunto) values (12, 'application/mspowerpoint', 'data:image/png;base64,iVBORw0KGgoAAAANSUhEUgAAABAAAAAQCAYAAAAf8/9hAAAABGdBTUEAAK/INwWK6QAAABl0RVh0U29mdHdhcmUAQWRvYmUgSW1hZ2VSZWFkeXHJZTwAAAHESURBVDjLY/j//z8DJRjO8F3q3d9ypOF/9b7y9x7zXAXQFTpPcaiv2VX+v2Bzznv7HlsFDAM857sJFOzIuT/hRO//wMW+81E0T3JQAGls29f8377Lph6rC0DYfZZLQOfh1v9tB5v/u0x1coCJB8zzW9+xv/1/xOKw8zi9AMPBSwPX9xzu+h+/KhqsGOjcgMZddf+rt1X+t26xNCBoAMS5eUDntvx3meDYn7Qy7n7rrsb/9h22/XgDERkDbS1o2d3wv31vy//+A73/S9YXvbesNRcg2gAQLtlU8H/KoUn/e/d1/89YnnafYDSC/T8vcH/ppqL/xRsK/tdvr/0/6cCE/9MPTf3fsr35f/byjP9Zy9L/5y3PeYnTgIBJ/g1+E3wbfPu8G5IWJR7o39v3v3h1wfvIuZEHnJudGhwbHBrs6+0aiPKCe4dbQ/XGqv/Ji5KeOzY6NBDlBd8pPvtzVmb9z16Z8b9hc/3/CXv7//fv7vtfu6Hqf8r8pP9J8xP/A124D6cBbm1uDa6tLg0g54bNDD3Qs6v7f/ayjM9BUwIPWFdaNViWWzZYlJsT5wW7WtuGnGXZ/8Nnht23rLAkzgsU5UZyMQAcp633iiwCvgAAAABJRU5ErkJggg==', 48.4083877, 40.2586934, 4, 'Zoolab');
insert into PuntosDeInteres (idpuntosdeinteres, descripcion, foto, latitud, longitud, ruta, tipoPunto) values (13, 'video/x-msvideo', 'data:image/png;base64,iVBORw0KGgoAAAANSUhEUgAAABAAAAAQCAYAAAAf8/9hAAAABGdBTUEAAK/INwWK6QAAABl0RVh0U29mdHdhcmUAQWRvYmUgSW1hZ2VSZWFkeXHJZTwAAAHiSURBVDjLjZNfT9NQGMbBb+C9GD+DmH0BvQIXECJKEGUmXpp4TyAQAtdotsTFxAs/AFeEhBsTjHEOZFKmMOBCuNnfzHbrunb9cx7f99SVbtkCTX5p057nd3qe9gwAGGDouEUME5EruEPcCHIhwbBlWZrjOJ7ruugFPUc8Hn8bloQFEQ43Gg0YhhFQq9WgqipKpZKUFAoFJBKJQNIOD7KAB5imiVarJc+MruvQNA3lclkKms0meJJkMulLugUcbsMCDigVA0u5Fl4foWNJspNuAS0jGMDXimrjVVZg5gB4fiDkm+Tz+f6CbhZPBaZ/AisnLo4rDdlHtVrtFExmzNv3P31Z2yh52Cx7MB0/rGgepjPA033g47mLYt3vpF6vXwqmfuFu7DeKL7PA3CEwqwCq5QtWzwQm9oCxNBD9DnwuOrITJhDMZLHDwcmUnlv/I/D+Qvifq+niyQ8/vJwTWCVONVuWy//DpUDB32dUUOTd1nx73RXTxcKxwMMU8EYRskzbtiUc7hCMZfBhitb4KO1ZMSrrBfF4Fxj5RvfotQ9VNwiHCQQPdnFzNI3taMqzxikQpVlHKRzbF/ha8eTsvej3GUW/fdADLxD8l9yjggx+cJ0wjdXl7g0Jhlhyje3chrf+0D9WXtarnqRU7gAAAABJRU5ErkJggg==', 49.5532749, 22.2110081, 13, 'Latlux');
insert into PuntosDeInteres (idpuntosdeinteres, descripcion, foto, latitud, longitud, ruta, tipoPunto) values (14, 'application/msword', 'data:image/png;base64,iVBORw0KGgoAAAANSUhEUgAAABAAAAAQCAYAAAAf8/9hAAAABGdBTUEAAK/INwWK6QAAABl0RVh0U29mdHdhcmUAQWRvYmUgSW1hZ2VSZWFkeXHJZTwAAAJ5SURBVDjLfZJtSFNRGMenRkgY1BKiL30yEkqJrCjrgxBB5Qtmyy3NcGoUuqD5skEm+ZZizpTUmZEw33ML06lzGoQKtRRETXM2Z1LOTBs6LNNw9/w7d+IiuevAj3vO4fx/z+E5lweAtxVRvp5Pqaf8psAF3RQfngtBa1OvCet2Bq5Ge/80K5nkCntR7AwhsP0imF8msCwRfF4k+GQlmFxgYF7YEKerDJzV90vKexwHZm0EX2hw6juBaZ6B8RuDsa8MRiwbggL1IP57A7b6NK36kYbH5xiM0vCwhRXYHYKMmnd/gwlH+dvunPTOehy623ZLlrfO9oCVbA72JsMzjEPK2QP5Gb5UGewJxcXtKBLsQ2JKBkR5OkfHq/QfnKKlH2uONd0f/ecVioM8OzXyC+hRRKFAeBC3A3dAfHwn7ob71tCD5rnFlc3gKiVjM+cUlEbsqZ4xqLE81IT3Lx6gXyXDUMsjpGQqRip1Y2zwJ0W6tWfOyZUQQepEYxpZHW8FTFqsGdvRX5dORLlaKw0mcP0vTsHekAYPXkDFE3VxNplU3cREXQrMdRKoCnOI+5Gycu9zlR4uBbvON7l5nNbkykunGL0VkGvfQqo2QFJtwLNhIDHfZHc/UZvpFVThxik4FfEwNS2nDc+NBMkDwI0+4LoeiNQAV+sJcrsIxMnNJDD0noxTMFt4CAPqUiSp5xHbAcRoCIQ1BBFVBGFPAYFiAYPNSkxl+4JTYFYGv6mVxyBU2oe4LiC+GxDrKPR7rQU4G9eBl/ejMVEW1sspMDUk8V+VxPsHRDZkHbjcZvGL7lrxj+pe8xN2rviEa63HLlUVvS6JPWxqlPC5BH8A3ojcdBpMJSoAAAAASUVORK5CYII=', 44.8278003, 14.7318165, 24, 'Redhold');
insert into PuntosDeInteres (idpuntosdeinteres, descripcion, foto, latitud, longitud, ruta, tipoPunto) values (15, 'image/jpeg', 'data:image/png;base64,iVBORw0KGgoAAAANSUhEUgAAABAAAAAQCAYAAAAf8/9hAAAABGdBTUEAAK/INwWK6QAAABl0RVh0U29mdHdhcmUAQWRvYmUgSW1hZ2VSZWFkeXHJZTwAAAIzSURBVDjLhZNbbtpQEIazgaygG4nUjXRH3QAySvvSKokEgeaBSBGFXJqAQkMxYCA03EJMzcWxCb6AAYP9d46BhqRURfqw5Zn5z5y5bAHYWufd++hbwkdkCYUYEBXCz2yv/dcDtwmOsL/yIkotHU11irY5g9QfIp5tgdmWPtsvBJbB0YOLCuaOC0kHjtIGvhQMfO9PMSYnh2A25sN8VyIrAY4ZNBvezyTvvUsNn66fIGgOXPpGD+jOwr4U4TwBetkhHLFvYy+loqounE74MfxnKupDeBn06M+k55ThukzAYbHe6TG630lBx8dLBbsXCooSUOsBqapJ15mgPwFkEtAplcEcMIjYoiYcE8gLoobPyUcSkOH/JiOS1XGYqDOHLiOcbMCkoDZlU30ChPYcgqgze54JqLfSiE6WsUvBH0jkpmEyY4d4s6RT6U0QoaKGMppHUbKYj/pHwH8ugzvtwXfaRfr+b4HiLwshXsf+zYDoo7AmkM8/DMCdd73gIKlXVRcs7dUVDhMNJBssgyGOSxai5RFyzecreEW8vh9DkIGWBTQMQgMqjxOUOhOkmjOEciPs02wEMiYSJLZeRK+NNrVGph7dDQC+C1yJQLw+x/HtFOG8hQBv4eCHiSBvkrD93Mb1QVKoXYICJCg4VnMRKc8QFsYIZhfBAd5AWrRfDtLrUZYMFznKIF6bI1JcnH4k0C7cWfgp25tHedMyZR90lLtTrwYZKgj79s9l+s86K8t336Z1/g2YLh6PHfCmogAAAABJRU5ErkJggg==', 28.3835079, 36.5661908, 25, 'Alpha');
insert into PuntosDeInteres (idpuntosdeinteres, descripcion, foto, latitud, longitud, ruta, tipoPunto) values (16, 'video/x-mpeg', 'data:image/png;base64,iVBORw0KGgoAAAANSUhEUgAAABAAAAAQCAYAAAAf8/9hAAAABGdBTUEAAK/INwWK6QAAABl0RVh0U29mdHdhcmUAQWRvYmUgSW1hZ2VSZWFkeXHJZTwAAAGnSURBVDjLxVM9T8JQFD2lBRQRFPAjEhIwXRgwEUjERRMnZPYXuPoHSJz8BQ7+BCcHJzZHiST4MWC0fsQBJUKCEQnGWihtfa/QBgK6MHiT2/tu3+1559x3y2iahlHMghFtZACuUqmkSdyiiaqqoJJo7HVFUQZi1w+Zcrnc9vl8LAXo7YexHhaNdaFQUDiSsFarFftXClriJz4eTqHJX7DMhDEbiiDlfALP80if1CFKLYjfxCUZR9s8ZcByvadG7w/QLl/guVRC8U2Etnutv5dlGXvr44S+3ZRFjcrgjEQvnFvG2pIfGzYOZ5c3KLCsWZjNZvual0wmOwD0oX/cVnFeXQDHfcDpcuGqtYJaTQKcHYBEImGebrDuY1AvPWImtIhjLoraSwtjHhvmv17Nwnw+/zcD/0QDt+9TUD1TmJ6zQWpImFTfyM64XhiLxdAr17h2E2Bnc9XcEEURzWaTFARM2na7HW63+3eAEul8tVqF1+tFMBiEw+EYmDpBEFAsFhEIBBCJRHQAhgyDQEDCFCgejzO5XE4bNn2Gp1IpJpPJaF05d8y//40/Nlww9OOVWvkAAAAASUVORK5CYII=', 37.2425649, 111.8568586, 15, 'Mat Lam Tam');
insert into PuntosDeInteres (idpuntosdeinteres, descripcion, foto, latitud, longitud, ruta, tipoPunto) values (17, 'image/jpeg', 'data:image/png;base64,iVBORw0KGgoAAAANSUhEUgAAABAAAAAQCAYAAAAf8/9hAAAABGdBTUEAAK/INwWK6QAAABl0RVh0U29mdHdhcmUAQWRvYmUgSW1hZ2VSZWFkeXHJZTwAAAIvSURBVDjLjZPLaxNRFIeriP+AO7Gg7nRXqo1ogoKCK0Fbig8QuxKhPop04SYLNYqlKpEmQlDBRRcFFWlBqqJYLVpbq6ktaRo0aWmamUxmJpN5ZvKoP++9mmlqWuzAt7jc+X2Hcy6nDkAdhXxbCI2Epv+wlbDeyVUJGm3bzpVKpcVyuYyVIPcIBAL3qiXVgiYaNgwDpmk6qKoKRVEgCAKT8DyPYDDoSCrhdYHrO9qzkdOQvp+E+O04hC+tED63gBs+QiDnhQgTWJYFWiQUCv2RUEH/g4YNXwdcT/VEJ6xkF8zEDRixq1CnriD94SikH08gikJNS2wmVLDwybONH3GbNt8DY+YMrDk/tGkvhOFmKPE+pxVJkpDJZMBx3JJAHN+/MTPq8amxdtj8fWjhwzB+diH5ag9y8V6QubDhUYmmaWwesiwvCYRRtyv9ca9oc37kk3egTbbBiPowP+iGOHGT0A1h7BrS43ehiXHous5EjoCEx3IzF6FMnYMcPgs95iOCW1DDXqTfnEBqsBnRR9shTvYibyhsiBRHwL13dabe7r797uHOx3Kkm1T2IDfhhTRyAfMDh5Aauox8Ns5aKRQKDNrSsiHSZ6SHoq1i9nkDuNfHkHi2D9loHwtSisUig4ZXFaSG2pB8cZBUPY+ila0JV1Mj8F/a3DHbfwDq3Mtlb12R/EuNoKN10ylLmv612h6swKIj+CvZRQZk0ou1hMm/OtveKkE9laxhnSvQ1a//DV9axd5NSHlCAAAAAElFTkSuQmCC', 49.3359789, 20.1084256, 4, 'Ventosanzap');
insert into PuntosDeInteres (idpuntosdeinteres, descripcion, foto, latitud, longitud, ruta, tipoPunto) values (18, 'image/pjpeg', 'data:image/png;base64,iVBORw0KGgoAAAANSUhEUgAAABAAAAAQCAYAAAAf8/9hAAAABGdBTUEAAK/INwWK6QAAABl0RVh0U29mdHdhcmUAQWRvYmUgSW1hZ2VSZWFkeXHJZTwAAAMCSURBVDjLTdBNaFxVGMbx/zn33plOZjIT8zmGOnFM1VoNJYFWYi2CtVSMdKUbK+LKhSAGXYhd2m6FQkEXLbiwETcWiq3WpiiSBLRqTa122pEmMZPmw8lkMt93zrnnXhdJbB54l++Ph0cEQQDAm1/l9gOnHmnbMVzXPnXto32fhueXgAqwChigCBSAz4ErNpvxPe/pvcnY8PvPdbE9NeUn6spPFF2zU2moNA1zq1W+vVs7DIxuB3riIQFAbt3gCIEtwLIh7EhSYYklJY4Fgzsj9Cai7WeuLX4stwCjdTxqg+dDRQlKGtabUHI3rtCAf6sGgA/H5hlOR3mq0+mytwHtrSFJrQk11yClwAYsC6QFFgJLgA8IU+anmSLX50uL9wGlehIRi1LDo94MkDLAkiCNwJJgEbCj/AN/j3/G250D1CZ/5BWdHPsf8JTq64k7lNwADyAAywhksLF9vPI17WvXiAy8TiI9yPrs4zSunH1jW4NmXzIRJrNiEBIkG88SaKlcJuX8SezRA6zdzRASitZ4klhHKmEDvHjicsS2ZCjsSJQxSAIgIADCtSnS9i8k0kdoLn1JqEXwz/RttKsKbqP6jATwmqorLEBujkQAAohUJtglrpLofwl38QzCKeLEWtHVRV+Xl17Y9875rNys32LjY0uwpAAhMfOXSJmrJHYdxb33KdLRqPLDrEzc4PTC4dtD741PA8iDo2OdnlIn9u9OsVwOmFsxlLKXSOqf6X5yBLV8FisU0Cz3kZ/8ndzAR2Sq3TNb29lGqUPAyG+ZWYoNG2fhG14dyOP5vSzdPM0D3SHctYfITd1CHvqEhZyLUSq/BUij9dDLB56IfHF8hJOvPcYeLrLn2bcI5ybJXphi+rs17nx/g4n2D4i09VKp1jFaF+430Hp2ebXEufEMbbEI2Zk86q+LpPcepJQvcO/mDM8fv8CDoX7CNuTXKhitF7YAMXjsVCcwCvQBHf25k0eG0l1i3+60mFPR4HxuSLhOB/FohLZ4C3/cyWWBY9fPvfsrwH+7HFmMUqkOrwAAAABJRU5ErkJggg==', 45.6467048, 122.8448203, 16, 'Konklab');
insert into PuntosDeInteres (idpuntosdeinteres, descripcion, foto, latitud, longitud, ruta, tipoPunto) values (19, 'image/tiff', 'data:image/png;base64,iVBORw0KGgoAAAANSUhEUgAAABAAAAAQCAYAAAAf8/9hAAAABGdBTUEAAK/INwWK6QAAABl0RVh0U29mdHdhcmUAQWRvYmUgSW1hZ2VSZWFkeXHJZTwAAAHYSURBVDjLjZPLSxtRFMa1f0UXCl0VN66igg80kQZtsLiUWhe14MKFIFHbIEF8BNFFKYVkkT9GKFJooXTToq2gLkQT82oyjzuvO8nXe65mmIkRHfg2c+/3O+d8l9MBoIMkvi6hkNDAA3om9MTz+QAhy7JqnPO667poJ3GOdDr92Q/xAwbIrOs6GGOeFEVBtVpFoVCQkHw+j0wm40Ga5k4C0AXTNGHbNsxv32Hu7YNtp1Cr1VAsFiXAMAxQkWw2ewNpBZDZPjiA+XYebioJ9nIKqqqiVCrdGUlm0gpwzs5hzrwGX1uGMTMLtvrBG6VcLstOcrncPQDOYW3tgCffw0isg4uqnP6J8AhCnVAelUqlPYD/PYE59wZ67BXsL4fg/6ryYhNC82uaJkFtAdbHT+CJFbgbCagjYbDNlDev4zgyH4KQ7gA2n/fMUWWeiAtzBMrgWABAXciAhaibAKAYnXyaGx3/5cSXoIajsH/8hHP8B87llTSSqAMSmQMAfSL2VYtET5WRCLcW3oHt7Aaq+s1+eQAt/EJXh8MNe2kRSmwa/LoQeOsmpFUeQB0ag9I/jIve0G/n6Lhx3x60Ud3L4DbIPhEQo4PHmMVdTW6vD9BNkEesc1O0+t3/AXamvvzW7S+UAAAAAElFTkSuQmCC', 49.6769375, 6.1338438, 10, 'Cardify');
insert into PuntosDeInteres (idpuntosdeinteres, descripcion, foto, latitud, longitud, ruta, tipoPunto) values (20, 'application/vnd.ms-excel', 'data:image/png;base64,iVBORw0KGgoAAAANSUhEUgAAABAAAAAQCAYAAAAf8/9hAAAABGdBTUEAAK/INwWK6QAAABl0RVh0U29mdHdhcmUAQWRvYmUgSW1hZ2VSZWFkeXHJZTwAAAJhSURBVDjLdZPda85hGMc/v+f5Pc8e2wE2QtiMyZh5K4RSpCkHxJnkSElOxJFy4kDyF3DopR15yUst2pRpJw4cSJLETCTb0mxre57f775eHPyevdBcdXfV3X19ru/36rojd+fwuZtt7n7PYQRnt+O4A+5kyaePaSAko19e3rm0GiAme3DaobV9Q2M0NDyK+1QRZDDDDX6PTlBOHPO4mWpkANjbvmFltG/TShqXteMZAXPLulrWffGCWmpLMXuOnOEvAO4L29uaePr6EyMjk7gZADalwh035/fYJJUkZXZULRDFxZi1G5toWVKPKrgbZo6qo2aIOeVK4O793rkAjqrxdWiMYq5ApVIhJCli2b2QJy4UWVRXg7nPAQBMDdFAkiQc3dGSyc/U4e7cevGBUCrwT/2MgqCGBkE0R2fve5IgiDoqhhBRKBZJJRvqnAARIw2B1MBzNUSFAuQciwwzI9WIVP8LgCCKVIQkKKJGUKvmDL5+4BFrPj5g29AAv4olujviix3dcm1GgRohCSRBMzvqpFVIa/9jdiV9tJ48Q01zG+W33bzv67nSc6AwkZttIaQZIBWjHJQ0KIkYy991sm7fMUqfe4luH6e2/yGrmhryHvn5eGphUlEkEZJgBDNUnGBKCM788UFKS5vh0IUZ75eXkbdo1fQMVB1NNbNghogh4og4Y7UNTL7pou7JWZLyTyaB8bE8mufH9AzI5di+cxMeRag6oo5V8+iWE7x71UVj/TzifIHxYWFgMFLHr08Bep51vTqV/bxZ+4+Dw3NfwX7byuZvPTSkYPncd8dvHOyWq38AFgvYQWlFsCQAAAAASUVORK5CYII=', -17.8145819, -63.1560853, 9, 'Daltfresh');
insert into PuntosDeInteres (idValoraciones, descripcion, foto, latitud, longitud, ruta, tipoPunto) values (21, 'text/plain', 'data:image/png;base64,iVBORw0KGgoAAAANSUhEUgAAABAAAAAQCAYAAAAf8/9hAAAABGdBTUEAAK/INwWK6QAAABl0RVh0U29mdHdhcmUAQWRvYmUgSW1hZ2VSZWFkeXHJZTwAAAIWSURBVDjLjZNPSBRRHMf32rVTdFOsDkJEhODNLGqXukgJpmiEURBGdEnbskNktrhCRQuaLEEikUhlbK5EiZmxjbWwfxvL0dHdtdlCx3VtZxyaed/eG5qwZct98DnM4/f9vN/M+40NgK1Y5p7tPTY9UIeZ4Q6EvIcQ9pQ3FR1O+kvqpbFWZCI+YG0RK5EhBNz2dFHhxIvSWjl+TdOSzyGNd0GJPoE+P4nogzPqpuGUv8wux64ahjIJZbYFy1Pnwfc3I9LXuDR1t2bnf8PC0xKHHL0MQw0gJ5yEmmhA9pMTYm9VOth9cA+rsdV1jm6lDFA0Cizabl6H9KH1d7gJ6kI9VmNXIHiqs5/dFfusQ5hg+PGbL/ipG7CWxPvAv7wEQ5mAKjZjPdGIDO2E9xwmgS7Hjo1dMoFuEIKMQvAtS8C9eoT4iBNh/22kuFrkxAYsh9ow661Bp9fHuqv4S9DiGTdPTa8SfM0QDLoOANl5TN8/jjHndrzrceCt2w71uwDXYJAJjhQULNJwQia4cXY3tMA9aNwdcB37MXRuF4Ih3qwpKLBegbUvLhGcqN6GW6fK8dp1FBP9F/AxvoBwSjcF7Q/fM0FlvsD8iEyycbFuQknDFLPl40QWnqFsyRdY16hbV+gdjf8Rraytm890P0opy5+VggNECwVJzllBldL+r2ErFO7uHYmx4A/Kxc1GPT9cSpmjnC72L/0FRS76cD+dhSEAAAAASUVORK5CYII=', 21.8756188, -102.2848729, 19, 'Duobam');
insert into PuntosDeInteres (idpuntosdeinteres, descripcion, foto, latitud, longitud, ruta, tipoPunto) values (22, 'video/mpeg', 'data:image/png;base64,iVBORw0KGgoAAAANSUhEUgAAABAAAAAQCAYAAAAf8/9hAAAABGdBTUEAAK/INwWK6QAAABl0RVh0U29mdHdhcmUAQWRvYmUgSW1hZ2VSZWFkeXHJZTwAAAF7SURBVDjLpZI/S5thFMVPXt9aakBjIYJvyFycnZw7KDhkcCi41BK30tpkqA5d/QClLv0IKuIQB/8Mje5dVLCCxhQtkg+QFnLPuU8HqYY0Q4h3fLjnx+9ynlQIAY+ZqNfFxcr8ypvtVwN9A2icp/Fr53uq84SlajEv+ZyoacknRWVlwvhwDk6h1qh93lzY+dAV8L5anHL6cpLOFTJPR5F+kkYcxfDgoAt04rR+gtqvq9XK24NPABDfh78V85KWX2QmCmPpMfyx34iiCHRCLngIkAtGwoyD/3L3AFFzyVBSyA5lQRdMwtntOX426qAJyfMEpHB1U1vbLVU//gcgNT08mEHTmqCEox+H1zRubbyulABg9svLY5q+75Wr77q2IOPMyLMRDKRiXDYu0B4GADOum3Gxs4UHAxMoQsFRb9SxubBTal/cLx+udqu3DUAwEJKDLfb8E+M2RRgFQTDrA8CW7gxc/RnQCBPhoU8DaxF0wh9jsH+0d9cGewf8BRKi/IUanjYRAAAAAElFTkSuQmCC', 31.7659313, 120.2951156, 10, 'Bitchip');
insert into PuntosDeInteres (idpuntosdeinteres, descripcion, foto, latitud, longitud, ruta, tipoPunto) values (23, 'application/excel', 'data:image/png;base64,iVBORw0KGgoAAAANSUhEUgAAABAAAAAQCAYAAAAf8/9hAAAABGdBTUEAAK/INwWK6QAAABl0RVh0U29mdHdhcmUAQWRvYmUgSW1hZ2VSZWFkeXHJZTwAAAJhSURBVDjLY/j//z8DPnzu3DmhkydPZh45cmTd/v37i3fu3Jm7efPmorVr1wqB5PFqPnv2rPCJEycuHz58OH7Pnj0pO3bsCN+0aVP8mjVrFi1duvTO/Pnz1XBqPnPmDM/x48dfHzt2zAVoSNeTJ096Hz16tPXp06exGzZsCJw7d+6M6dOnF2DVfPr0aSagxomHDh2qAzq/F6hp1uPHjzc9f/68EmjIbiA7C2i7V39//yasBhw9elQOqPnAunXrKm/dulUE1LAbaEgbyAVAl/Q8fPhwG9BbDu3t7SewGrBm636v9EkHXq9atSrowYMHa16+fJkLshmIpwP5m4CG1AIDt7yhoWEHVgMWr9sZ7NO098eyZctKgYphNrcDNYOc33H37t11nZ2d2ZWVlXVYDZi0aIu5c9WOn4sXL7bZu3cvKPCm379/f/OzZ88KgZq3b9u2TbuiouJWUVGRFFYDolo2K9uVbPk9Z86c88CQdl+9enXPrl274oFh0jdt2jSf8vLy14WFhbZY00Fu20Ip66LNZ/JmXfxvl7/6tU328mcW6UueGCYtuumaPuVWaWnpzIKCAg+YehTNXb0TWhrben44FK56H9974r9z3uKspPLJtSml3XOj8zpb/dI6vPLz83WQ9cAZ7V29LUC//T948OD/grK6fzbp8ychKywuLubIy8tjQncxmGhp72rZsmXL//fv3//fuHHj/6y8khOZmZmchPIJ2IDW1lbJ7u7u/x8+fPgPTKL/07MLT6SlpRGlGe6CnOLaFcDQ/p+SkXciJSWFaM0oYZCclumbmJjITopmEAYAfvG+1+IMmV0AAAAASUVORK5CYII=', -8.8315362, 115.1264522, 17, 'Vagram');
insert into PuntosDeInteres (idpuntosdeinteres, descripcion, foto, latitud, longitud, ruta, tipoPunto) values (24, 'video/msvideo', 'data:image/png;base64,iVBORw0KGgoAAAANSUhEUgAAABAAAAAQCAYAAAAf8/9hAAAABGdBTUEAAK/INwWK6QAAABl0RVh0U29mdHdhcmUAQWRvYmUgSW1hZ2VSZWFkeXHJZTwAAAJ3SURBVBgZBcHPi5RlHADwz/POOzu7o21bIWVsiiAR1kYdJOwHdAgKO3QQDMqCTv4XdQikg1BCUnTQCIK6REVdOnWTClIRjAwNCdFy1t1xdnZm3nee59vnkyICAOSTJyu5HCsdR6PESju4fXG6vvFBOxzOVd7r7tn7Zju4vbF58dJnk7Y9VQMAaNu3PbTr03rtyR6hGqw/N/3u+6ct9mYrrx5+cXHfXpHLzqVffn3/2pnPl2oAgNJfPN5de7xnNGK8re733Xf0yCFtq2oKl/+UcO/aE1K3+1YNAJBTtdptC+sbRGHzrqruUDLDIaUw3mbnDlFKrwYAyFujmbZhe8w8kzOzGfM5udDMmGyjaPM86is/HrywuHzgQEoVWKh0ujf2WFjewfUb5DklyC2TGbMpqw+7c/6CzeHdH+oU1WOPPH+2m1IiyPtvWf/oQ/es7ra0Z5Wr19gYkVt6XQ486s6li37/+tvfxpPJido8pkrTm936RG46VMv6x9YMf7rhvzNn7T78soUqsT3R7Fzyx6mPjfdv5eF4/NqRweBmrU0VlHkfYevaOcPL5+nhFa6XL+mhB/TfqfWtdJ796spNqJWqo+oY/X1Fc+cfZbbtgYOvW3nqDUlS5q1mMKEU3fsX1Mv7/HX6GQC1OUnHrhfeJTJRkDWDb8hjZEkjTDSDic6OEwCg1kZEZM2/X6AQgUwUES3RijIhjykTAAC1JgqBIAqRRTTEnGhEmZK3lTwSeQsFANRmUaREFBFzoqXMRJkRU1GmooxF3qJMUAGAOtrSy+NN0oNSSuiITiXpgKRCIhJqeTICAHXMZj9fPf3SIYEEAAAACCSUcg7gf+9HV+4TlzZTAAAAAElFTkSuQmCC', 1.0725136, 121.499885, 7, 'Gembucket');
insert into PuntosDeInteres (idpuntosdeinteres, descripcion, foto, latitud, longitud, ruta, tipoPunto) values (25, 'image/jpeg', 'data:image/png;base64,iVBORw0KGgoAAAANSUhEUgAAABAAAAAQCAYAAAAf8/9hAAAABGdBTUEAAK/INwWK6QAAABl0RVh0U29mdHdhcmUAQWRvYmUgSW1hZ2VSZWFkeXHJZTwAAAJsSURBVDjLpZNdSFNhGMf/787Ome8SF7mxvuecJGU6SLuWIGZ0E7WgFRiBdZFE1CDwJoyI6iYvhIqKoqibrsIgwUkUjDCkC7UQ03IW5EfS8muTvec95/SsXE3dXQd+8HLO8/+d5zkPh1mWhf+57LlDNBr9YJqmj/je3t4eKFQcDocHdV0PSClHOzs7ty8TULDCMIzHxMlIJFKwLQpnaSP2reqAgg7iENl1T1ObLLI5IKQFYQKnPDexpRhoPNdjp3A9sSOXs+UOFBwgbhPDvepdnuKz3OZ0c4u7eQI13MUnuRDiE/GQ6F/VAQVLiHpCutQ+xFPvUKfcgM2oRFfyIPpnqiHECUlvP0K4Cgl0IkEPq70OYHdpMWZEMxbSNUjOhjA878nObxLZGu8qAd0US4KqBm8AGnNCwo+UaxrY+AQm03FfCCwJdhUSlBAHvF5vsOvCtwI7sNEIYlu2JltbSDBHdCQSCVnZ2lHLaQu6AQhaaJP7Dpy9PRiaG1ecmYXgT4vpsZC9JRST1/8KyK6RwE8obzPXUKsdh8Mo/y2ZfPkem74MI3TmoubwV2FxIKYOxruvdO9VU7Y8gUr4CfZnC2cxo3+kzoDFVzFU1B9G0efXYI+Owjn6DGW+UsVi1vn8EWaJp8TplVsoSY6haL0f2B/99w9c2gDFZGX5IwQpfIwo2+P2WRrj0PlmpIqnkXE7WLrvBdY8b0ZmcRJpqp+fU2AoGM8XUFa/p2nag1jL1LLvL9hOrOuJw1fKYVdUzE9LjE0xw4J1i+V+52AwOESCcmJgZGSkbuUS30S2tnydmLjssUP9YVhyrYbWhpi8+gtmOYLutSnwxAAAAABJRU5ErkJggg==', -7.068917, 108.399785, 18, 'Tampflex');
